"StoreID","Store_Code","Mechanic_Code","Order_Number","Sku_Code","Category","Qty_Aki","Qty_Oli","Qty_Ban","Qty_Service","Qty_Service_Express","Total_Sale_Mechanic","Score_Card_Score","Growth_Sales_Score","Target_Store_Score","Best_Mechanic_Code","Stock_Opname","Kondisi_Booth","Quiz"
"1022052404198","123050120191703821","Online","2023-05-01","2023-05-02","SK20120400001439","1","57000.00","0.00","57000.00","online","BCAVA","UP100001230501201917000002","42846.0"
"1022060604213","123050208543598935","Online","2023-05-02","2023-05-02","SK21042600002158","1","249000.00","0.00","249000.00","online","MandiriVA","UP100001230502085436000002","201021.0"
"1021101203636","123050209461129622","Online","2023-05-02","2023-05-02","SK22091400002863","1","229000.00","25000.00","204000.00","online","BCAVA","UP100001230502094611000002","198000.0"
"1021101203636","123050209461129622","Online","2023-05-02","2023-05-02","SK20072400000896","1","5000.00","0.00","5000.00","online","BCAVA","UP100001230502094611000002","2757.0"
"1022060904221","123050209272595206","POS","2023-05-02","2023-05-02","IAF9027","1","276000.00","0.00","276000.00","offline","Cash","offline","245330.0"
"1022060904221","123050209272595206","POS","2023-05-02","2023-05-02","SK20081000000913","2","16000.00","0.00","32000.00","offline","Cash","offline","12099.0"
"1022060904221","123050209272595206","POS","2023-05-02","2023-05-02","SK22092100002872","1","33000.00","0.00","33000.00","offline","Cash","offline","31763.0"
"1022060904221","123050209272595206","POS","2023-05-02","2023-05-02","SK20081000000914","1","66000.00","0.00","66000.00","offline","Cash","offline","49506.0"
"1022050904191","123050210532813038","Online","2023-05-02","2023-05-02","SK22092100002872","1","33000.00","10000.00","23000.00","online","dana","UP100001230502105328000002","31763.0"
"1022041804184","123050210402352127","POS","2023-05-02","2023-05-02","SK22092100002870","1","37000.00","0.00","37000.00","online","BCAVA","UP100001230502104027000002","35208.0"
"1022121304889","123050210143161311","POS","2023-05-02","2023-05-02","SK22122000003138","1","46000.00","0.00","46000.00","offline","Cash","offline","0.0"
"1022121304889","123050210143161311","POS","2023-05-02","2023-05-02","SK23010100003216","1","37000.00","0.00","37000.00","offline","Cash","offline","0.0"
"1022050904191","123050210585229042","Online","2023-05-02","2023-05-02","SK22092100002872","1","33000.00","10000.00","23000.00","online","dana","UP100001230502105852000002","31763.0"
"1022052404198","123050211421632046","POS","2023-05-02","2023-05-02","SP00001110","1","5000.00","0.00","5000.00","offline","Cash","offline","0.0"
"1022052404198","123050211421632046","POS","2023-05-02","2023-05-02","SK20081000000912","1","49000.00","0.00","49000.00","offline","Cash","offline","36852.0"
"1022052404198","123050211322543334","POS","2023-05-02","2023-05-02","SP00001110","1","5000.00","0.00","5000.00","offline","Cash","offline","0.0"
"1022052404198","123050211322543334","POS","2023-05-02","2023-05-02","SK20081000000912","1","49000.00","0.00","49000.00","offline","Cash","offline","36852.0"
"1022052404198","123050211363254440","POS","2023-05-02","2023-05-02","SK20081000000912","1","49000.00","0.00","49000.00","offline","Cash","offline","36852.0"
"1022052404198","123050211363254440","POS","2023-05-02","2023-05-02","SP00001110","1","5000.00","0.00","5000.00","offline","Cash","offline","0.0"
"1022052404198","123050211532170469","POS","2023-05-02","2023-05-02","SK20081000000912","1","49000.00","0.00","49000.00","offline","Cash","offline","36852.0"
"1022052404198","123050211532170469","POS","2023-05-02","2023-05-02","SP00001110","1","5000.00","0.00","5000.00","offline","Cash","offline","0.0"
"1022052404198","123050211301139330","POS","2023-05-02","2023-05-02","SP00001110","1","5000.00","0.00","5000.00","offline","Cash","offline","0.0"
"1022052404198","123050211301139330","POS","2023-05-02","2023-05-02","SK20081000000912","1","49000.00","0.00","49000.00","offline","Cash","offline","36852.0"
"1022052404198","123050211433127949","POS","2023-05-02","2023-05-02","SP00001110","1","5000.00","0.00","5000.00","offline","Cash","offline","0.0"
"1022052404198","123050211433127949","POS","2023-05-02","2023-05-02","SK20081000000912","1","49000.00","0.00","49000.00","offline","Cash","offline","36852.0"
"1022052404198","123050212010094803","POS","2023-05-02","2023-05-02","SK20081000000912","1","49000.00","0.00","49000.00","offline","Cash","offline","36852.0"
"1022052404198","123050212010094803","POS","2023-05-02","2023-05-02","SP00001110","1","5000.00","0.00","5000.00","offline","Cash","offline","0.0"
"1022052404198","123050211403195343","POS","2023-05-02","2023-05-02","SP00001110","1","5000.00","0.00","5000.00","offline","Cash","offline","0.0"
"1022052404198","123050211403195343","POS","2023-05-02","2023-05-02","SK20081000000912","1","49000.00","0.00","49000.00","offline","Cash","offline","36852.0"
"1022052404198","123050211471761059","POS","2023-05-02","2023-05-02","SK20081000000912","1","49000.00","0.00","49000.00","offline","Cash","offline","36852.0"
"1022052404198","123050211471761059","POS","2023-05-02","2023-05-02","SP00001110","1","5000.00","0.00","5000.00","offline","Cash","offline","0.0"
"1022050904191","123050211013056602","Online","2023-05-02","2023-05-02","SK22092100002870","1","37000.00","10000.00","27000.00","online","dana","UP100001230502110131000002","35208.0"
"1022052404198","123050211480442760","POS","2023-05-02","2023-05-02","SP00001110","1","5000.00","0.00","5000.00","offline","Cash","offline","0.0"
"1022052404198","123050211480442760","POS","2023-05-02","2023-05-02","SK20081000000912","1","49000.00","0.00","49000.00","offline","Cash","offline","36852.0"
"1022052404198","123050211490189262","POS","2023-05-02","2023-05-02","SK20081000000912","1","49000.00","0.00","49000.00","offline","Cash","offline","36852.0"
"1022052404198","123050211490189262","POS","2023-05-02","2023-05-02","SP00001110","1","5000.00","0.00","5000.00","offline","Cash","offline","0.0"
"1022052404198","123050211493817563","POS","2023-05-02","2023-05-02","SP00001110","1","5000.00","0.00","5000.00","offline","Cash","offline","0.0"
"1022052404198","123050211493817563","POS","2023-05-02","2023-05-02","SK20081000000912","1","49000.00","0.00","49000.00","offline","Cash","offline","36852.0"
"1022052404198","123050211052532908","POS","2023-05-02","2023-05-02","SP00001110","1","5000.00","0.00","5000.00","offline","Cash","offline","0.0"
"1022052404198","123050211052532908","POS","2023-05-02","2023-05-02","SK20081000000912","1","49000.00","0.00","49000.00","offline","Cash","offline","36852.0"
"1022050904191","123050211044729407","Online","2023-05-02","2023-05-02","SK22092100002873","1","48000.00","10000.00","38000.00","online","dana","UP100001230502110447000002","45975.0"
"1022052404198","123050211080606610","POS","2023-05-02","2023-05-02","SK20081000000912","1","49000.00","0.00","49000.00","offline","Cash","offline","36852.0"
"1022052404198","123050211080606610","POS","2023-05-02","2023-05-02","SP00001110","1","5000.00","0.00","5000.00","offline","Cash","offline","0.0"
"1022052404198","123050211564583774","POS","2023-05-02","2023-05-02","SK20081000000912","1","49000.00","0.00","49000.00","offline","Cash","offline","36852.0"
"1022052404198","123050211564583774","POS","2023-05-02","2023-05-02","SP00001110","1","5000.00","0.00","5000.00","offline","Cash","offline","0.0"
"1022052404198","123050211392381942","POS","2023-05-02","2023-05-02","SK20081000000912","1","49000.00","0.00","49000.00","offline","Cash","offline","36852.0"
"1022052404198","123050211392381942","POS","2023-05-02","2023-05-02","SP00001110","1","5000.00","0.00","5000.00","offline","Cash","offline","0.0"
"1022052404198","123050211372514041","POS","2023-05-02","2023-05-02","SP00001110","1","5000.00","0.00","5000.00","offline","Cash","offline","0.0"
"1022052404198","123050211372514041","POS","2023-05-02","2023-05-02","SK20081000000912","1","49000.00","0.00","49000.00","offline","Cash","offline","36852.0"
"1022022204030","123050211074270709","POS","2023-05-02","2023-05-02","IAF9015","1","276000.00","10000.00","266000.00","online","BCAVA","UP100001230502110754000002","201600.0"
"1022022204030","123050211074270709","POS","2023-05-02","2023-05-02","SK20072400000896","1","5000.00","0.00","5000.00","online","BCAVA","UP100001230502110754000002","2757.0"
"1022052404198","123050211442242151","POS","2023-05-02","2023-05-02","SK20081000000912","1","49000.00","0.00","49000.00","offline","Cash","offline","36852.0"
"1022052404198","123050211442242151","POS","2023-05-02","2023-05-02","SP00001110","1","5000.00","0.00","5000.00","offline","Cash","offline","0.0"
"1021120603960","123050211132421616","Online","2023-05-02","2023-05-02","IAF8028","1","224000.00","0.00","224000.00","online","BCAVA","UP100001230502111324000002","227611.0"
"1022052404198","123050211445496453","POS","2023-05-02","2023-05-02","SP00001110","1","5000.00","0.00","5000.00","offline","Cash","offline","0.0"
"1022052404198","123050211445496453","POS","2023-05-02","2023-05-02","SK20081000000912","1","49000.00","0.00","49000.00","offline","Cash","offline","36852.0"
"1022052404198","123050211305310631","POS","2023-05-02","2023-05-02","SK20081000000912","1","49000.00","0.00","49000.00","offline","Cash","offline","36852.0"
"1022052404198","123050211305310631","POS","2023-05-02","2023-05-02","SP00001110","1","5000.00","0.00","5000.00","offline","Cash","offline","0.0"
"1022052404198","123050212002870401","POS","2023-05-02","2023-05-02","SP00001110","1","5000.00","0.00","5000.00","offline","Cash","offline","0.0"
"1022052404198","123050212002870401","POS","2023-05-02","2023-05-02","SK20081000000912","1","49000.00","0.00","49000.00","offline","Cash","offline","36852.0"
"1022052404198","123050211340374137","POS","2023-05-02","2023-05-02","SK20081000000912","1","49000.00","0.00","49000.00","offline","Cash","offline","36852.0"
"1022052404198","123050211340374137","POS","2023-05-02","2023-05-02","SP00001110","1","5000.00","0.00","5000.00","offline","Cash","offline","0.0"
"1022052404198","123050211514710665","POS","2023-05-02","2023-05-02","SK20081000000912","1","49000.00","0.00","49000.00","offline","Cash","offline","36852.0"
"1022052404198","123050211514710665","POS","2023-05-02","2023-05-02","SP00001110","1","5000.00","0.00","5000.00","offline","Cash","offline","0.0"
"1022052404198","123050211585882075","POS","2023-05-02","2023-05-02","SP00001110","1","5000.00","0.00","5000.00","offline","Cash","offline","0.0"
"1022052404198","123050211585882075","POS","2023-05-02","2023-05-02","SK20081000000912","1","49000.00","0.00","49000.00","offline","Cash","offline","36852.0"
"1022052404198","123050211414241945","POS","2023-05-02","2023-05-02","SK20081000000912","1","49000.00","0.00","49000.00","offline","Cash","offline","36852.0"
"1022052404198","123050211414241945","POS","2023-05-02","2023-05-02","SP00001110","1","5000.00","0.00","5000.00","offline","Cash","offline","0.0"
"1022052404198","123050211424600247","POS","2023-05-02","2023-05-02","SK20081000000912","1","49000.00","0.00","49000.00","offline","Cash","offline","36852.0"
"1022052404198","123050211424600247","POS","2023-05-02","2023-05-02","SP00001110","1","5000.00","0.00","5000.00","offline","Cash","offline","0.0"
"1022052404198","123050211464318957","POS","2023-05-02","2023-05-02","SP00001110","1","5000.00","0.00","5000.00","offline","Cash","offline","0.0"
"1022052404198","123050211464318957","POS","2023-05-02","2023-05-02","SK20081000000912","1","49000.00","0.00","49000.00","offline","Cash","offline","36852.0"
"1022052404198","123050211015543203","POS","2023-05-02","2023-05-02","SP00001110","1","5000.00","0.00","5000.00","offline","Cash","offline","0.0"
"1022052404198","123050211015543203","POS","2023-05-02","2023-05-02","SK20081000000912","1","49000.00","0.00","49000.00","offline","Cash","offline","36852.0"
"1022052404198","123050211460307856","POS","2023-05-02","2023-05-02","SK20081000000912","1","49000.00","0.00","49000.00","offline","Cash","offline","36852.0"
"1022052404198","123050211460307856","POS","2023-05-02","2023-05-02","SP00001110","1","5000.00","0.00","5000.00","offline","Cash","offline","0.0"
"10200108027","123050211255840125","Online","2023-05-02","2023-05-02","SK20030500000841","1","1246000.00","1246000.00","0.00","online","Cash","offline","0.0"
"1022052404198","123050211034413106","POS","2023-05-02","2023-05-02","SK20081000000912","1","49000.00","0.00","49000.00","offline","Cash","offline","36852.0"
"1022052404198","123050211034413106","POS","2023-05-02","2023-05-02","SP00001110","1","5000.00","0.00","5000.00","offline","Cash","offline","0.0"
"1022121304889","123050212222473316","POS","2023-05-02","2023-05-02","SK23010100003207","1","56000.00","0.00","56000.00","offline","Cash","offline","0.0"
"1022121304889","123050212222473316","POS","2023-05-02","2023-05-02","SK23010200003217","1","245000.00","0.00","245000.00","offline","Cash","offline","0.0"
"1022121304889","123050212222473316","POS","2023-05-02","2023-05-02","SK23010200003224","1","8000.00","0.00","8000.00","offline","Cash","offline","0.0"
"10200108027","123050212430957421","Online","2023-05-02","2023-05-02","SK20030500000841","1","1317200.00","1317200.00","0.00","online","Cash","offline","0.0"
"1022121304889","123050212472004024","POS","2023-05-02","2023-05-02","SK22123100003204","1","113000.00","0.00","113000.00","offline","Cash","offline","0.0"
"1022121304889","123050212472004024","POS","2023-05-02","2023-05-02","SK23010400003229","1","40000.00","0.00","40000.00","offline","Cash","offline","0.0"
"1022121304889","123050212472004024","POS","2023-05-02","2023-05-02","SK23010200003224","1","188000.00","0.00","188000.00","offline","Cash","offline","0.0"
"1022042204186","123050213474898828","Online","2023-05-02","2023-05-02","SK20120400001439","1","57000.00","0.00","57000.00","online","BCAVA","UP100001230502134749000002","42846.0"
"1022050904191","123050213195407217","Online","2023-05-02","2023-05-02","SK22072300002821","1","33000.00","0.00","33000.00","online","dana","UP100001230502131954000002","31655.0"
"1022050904191","123050213195407217","Online","2023-05-02","2023-05-02","SK20081000000913","2","16000.00","0.00","32000.00","online","dana","UP100001230502131954000002","12099.0"
"1022050904191","123050213195407217","Online","2023-05-02","2023-05-02","SK22092100002875","1","41000.00","10000.00","31000.00","online","dana","UP100001230502131954000002","39407.0"
"1022042204186","123050213490594829","Online","2023-05-02","2023-05-02","SK22072100002818","1","16000.00","0.00","16000.00","online","BCAVA","UP100001230502134906000002","12099.0"
"1022042204186","123050213352836022","Online","2023-05-02","2023-05-02","SK22091400002861","1","228000.00","25000.00","203000.00","online","BCAVA","UP100001230502133528000002","172080.0"
"1022042204186","123050213455020827","Online","2023-05-02","2023-05-02","SK22092100002870","2","37000.00","0.00","74000.00","online","BCAVA","UP100001230502134550000002","35208.0"
"1022041804184","123050214314487428","POS","2023-05-02","2023-05-02","SK22092100002872","1","33000.00","10000.00","23000.00","online","QRIS","UP100001230502143147000002","31763.0"
"1022041804184","123050214232752019","Online","2023-05-02","2023-05-02","SK20081000000913","1","16000.00","0.00","16000.00","online","BCAVA","UP100001230502142328000002","12099.0"
"1022041804184","123050214232752019","Online","2023-05-02","2023-05-02","SK22092100002873","1","48000.00","10000.00","38000.00","online","BCAVA","UP100001230502142328000002","45975.0"
"1022041804184","123050214232752019","Online","2023-05-02","2023-05-02","SK22061600002802","1","446000.00","10000.00","436000.00","online","BCAVA","UP100001230502142328000002","371250.0"
"1022041804184","123050214302014326","POS","2023-05-02","2023-05-02","SP00001110","1","5000.00","0.00","5000.00","offline","Cash","offline","0.0"
"1022041804184","123050214302014326","POS","2023-05-02","2023-05-02","SK20081000000912","1","49000.00","0.00","49000.00","offline","Cash","offline","36852.0"
"1022041804184","123050214345432530","POS","2023-05-02","2023-05-02","SK21081900002524","1","15000.00","0.00","15000.00","online","QRIS","UP100001230502143456000002","14400.0"
"1022041804184","123050214345432530","POS","2023-05-02","2023-05-02","SK22092100002873","1","48000.00","10000.00","38000.00","online","QRIS","UP100001230502143456000002","45975.0"
"1022041804184","123050214394523938","POS","2023-05-02","2023-05-02","SK22092100002870","1","37000.00","10000.00","27000.00","online","QRIS","UP100001230502143947000002","35208.0"
"10200113049","123050214153602711","Online","2023-05-02","2023-05-02","SK21101800002584","1","548340.00","0.00","548340.00","online","BNIVA","UP100001230502141710000001","0.0"
"1022041804184","123050214325975129","POS","2023-05-02","2023-05-02","SK22092100002872","1","33000.00","10000.00","23000.00","online","QRIS","UP100001230502143301000002","31763.0"
"10200520344","123050214091696704","Online","2023-05-02","2023-05-02","SK20092300001001","2","585900.00","1171800.00","0.00","online","Cash","offline","0.0"
"10200520344","123050214091696704","Online","2023-05-02","2023-05-02","SP00001088","1","250000.00","250000.00","0.00","online","Cash","offline","0.0"
"1022022204031","123050214135175208","POS","2023-05-02","2023-05-02","SP00001110","1","5000.00","0.00","5000.00","offline","Cash","offline","0.0"
"1022041804184","123050214363482931","POS","2023-05-02","2023-05-02","SK21081900002524","1","15000.00","0.00","15000.00","online","QRIS","UP100001230502143636000002","14400.0"
"1022041804184","123050214363482931","POS","2023-05-02","2023-05-02","SK22092100002870","1","37000.00","10000.00","27000.00","online","QRIS","UP100001230502143636000002","35208.0"
"1022050904191","123050215354151335","Online","2023-05-02","2023-05-02","SK20081000000913","1","16000.00","0.00","16000.00","online","dana","UP100001230502153542000002","12099.0"
"102008200481","123050215332295332","Online","2023-05-02","2023-05-02","SK20081000000912","1","49000.00","0.00","49000.00","online","BNIVA","UP100001230502153323000002","36852.0"
"102008200481","123050215332295332","Online","2023-05-02","2023-05-02","SK20081000000913","1","16000.00","0.00","16000.00","online","BNIVA","UP100001230502153323000002","12099.0"
"1022022204031","123050215122622411","Online","2023-05-02","2023-05-02","IAF8022","1","211000.00","0.00","211000.00","online","BCAVA","UP100001230502151226000002","207725.0"
"102008310497","123050216461881522","Online","2023-05-02","2023-05-02","SK20081000000913","1","16000.00","0.00","16000.00","online","BCAVA","UP100001230502164619000002","12099.0"
"102008310497","123050216461881522","Online","2023-05-02","2023-05-02","SK20120400001439","1","57000.00","0.00","57000.00","online","BCAVA","UP100001230502164619000002","42846.0"
"102008310497","123050216430037021","Online","2023-05-02","2023-05-02","IAF9027","1","255000.00","0.00","255000.00","online","BCAVA","UP100001230502164300000002","245330.0"
"102008310497","123050216125911507","Online","2023-05-02","2023-05-02","SK20120400001439","1","57000.00","0.00","57000.00","online","BCAVA","UP100001230502161259000002","42846.0"
"1022022204031","123050217003123703","Online","2023-05-02","2023-05-02","SK20072400000896","1","5000.00","0.00","5000.00","online","BCAVA","UP100001230502170031000002","2757.0"
"1022022204031","123050217003123703","Online","2023-05-02","2023-05-02","IAF9025","1","255000.00","0.00","255000.00","online","BCAVA","UP100001230502170031000002","232713.0"
"1021101103635","123050217094291812","Online","2023-05-02","2023-05-02","SK21081900002530","2","49000.00","0.00","98000.00","online","dana","UP100001230502170943000002","47040.0"
"1021101103635","123050217094291812","Online","2023-05-02","2023-05-02","SK22092100002873","1","48000.00","10000.00","38000.00","online","dana","UP100001230502170943000002","45975.0"
"1021101103635","123050217094291812","Online","2023-05-02","2023-05-02","SK20081000000913","1","16000.00","0.00","16000.00","online","dana","UP100001230502170943000002","12099.0"
"1023021605185","123050217114873815","POS","2023-05-02","2023-05-02","SK22120100003078","1","50000.00","0.00","50000.00","offline","Cash","offline","21483.0"
"1022060904221","123050217370836454","POS","2023-05-02","2023-05-02","IAI7035","1","228000.00","0.00","228000.00","offline","Cash","offline","195045.0"
"1022060904221","123050217370836454","POS","2023-05-02","2023-05-02","SK20081000000917","1","69000.00","0.00","69000.00","offline","Cash","offline","51837.0"
"1022060904221","123050217370836454","POS","2023-05-02","2023-05-02","SK22092100002873","1","48000.00","0.00","48000.00","offline","Cash","offline","45975.0"
"1022022204031","123050217162420820","Online","2023-05-02","2023-05-02","SK20081000000917","1","69000.00","0.00","69000.00","online","BCAVA","UP100001230502171624000002","51837.0"
"1022022204031","123050217162420820","Online","2023-05-02","2023-05-02","SK21060200002360","1","107000.00","0.00","107000.00","online","BCAVA","UP100001230502171624000002","80253.0"
"1022022204031","123050217162420820","Online","2023-05-02","2023-05-02","SK20081000000913","1","16000.00","0.00","16000.00","online","BCAVA","UP100001230502171624000002","12099.0"
"1022022204031","123050217213715931","Online","2023-05-02","2023-05-02","SK22072300002819","1","67000.00","0.00","67000.00","online","BCAVA","UP100001230502172137000002","64320.0"
"1022022204034","123050217143470017","Online","2023-05-02","2023-05-02","SK20081000000917","1","69000.00","0.00","69000.00","online","BCAVA","UP100001230502171435000002","51837.0"
"102008200481","123050217342291348","Online","2023-05-02","2023-05-02","SK20081000000917","1","69000.00","0.00","69000.00","online","QRIS","UP100001230502173423000002","51837.0"
"102008200481","123050217342291348","Online","2023-05-02","2023-05-02","PAF9006","1","235000.00","0.00","235000.00","online","QRIS","UP100001230502173423000002","193800.0"
"102008200481","123050217342291348","Online","2023-05-02","2023-05-02","PAF8006","1","206000.00","0.00","206000.00","online","QRIS","UP100001230502173423000002","170240.0"
"102008200481","123050217342291348","Online","2023-05-02","2023-05-02","SK20072400000896","1","5000.00","0.00","5000.00","online","QRIS","UP100001230502173423000002","2757.0"
"102008200481","123050217295682344","Online","2023-05-02","2023-05-02","SK20081000000912","1","49000.00","0.00","49000.00","online","dana","UP100001230502172957000002","36852.0"
"102008200481","123050217295682344","Online","2023-05-02","2023-05-02","SK20072400000896","1","5000.00","0.00","5000.00","online","dana","UP100001230502172957000002","2757.0"
"102008200481","123050217295682344","Online","2023-05-02","2023-05-02","IAF8028","1","224000.00","0.00","224000.00","online","dana","UP100001230502172957000002","227611.0"
"102008200481","123050217295682344","Online","2023-05-02","2023-05-02","IAF9027","1","255000.00","0.00","255000.00","online","dana","UP100001230502172957000002","245330.0"
"102008200481","123050217295682344","Online","2023-05-02","2023-05-02","SK20081000000913","1","16000.00","0.00","16000.00","online","dana","UP100001230502172957000002","12099.0"
"102008200481","123050217395120455","Online","2023-05-02","2023-05-02","PAF8006","1","206000.00","0.00","206000.00","online","dana","UP100001230502173951000002","170240.0"
"102008200481","123050217395120455","Online","2023-05-02","2023-05-02","SK20072400000896","1","5000.00","0.00","5000.00","online","dana","UP100001230502173951000002","2757.0"
"102008200481","123050217395120455","Online","2023-05-02","2023-05-02","SK20081000000917","1","69000.00","0.00","69000.00","online","dana","UP100001230502173951000002","51837.0"
"102008200481","123050217395120455","Online","2023-05-02","2023-05-02","PAF9006","1","235000.00","0.00","235000.00","online","dana","UP100001230502173951000002","193800.0"
"102008200481","123050217440878957","Online","2023-05-02","2023-05-02","IAF8028","1","224000.00","0.00","224000.00","online","dana","UP100001230502174409000002","227611.0"
"102008200481","123050217440878957","Online","2023-05-02","2023-05-02","IAF9025","1","255000.00","0.00","255000.00","online","dana","UP100001230502174409000002","232713.0"
"1022022204031","123050217192119727","Online","2023-05-02","2023-05-02","SK20081000000914","1","66000.00","0.00","66000.00","online","BCAVA","UP100001230502171921000002","49506.0"
"102008200481","123050217471725662","Online","2023-05-02","2023-05-02","PAI8010","1","242000.00","0.00","242000.00","online","dana","UP100001230502174717000002","199120.0"
"1022041804184","123050218512932943","POS","2023-05-02","2023-05-02","SK22092100002870","1","37000.00","10000.00","27000.00","online","BCAVA","UP100001230502185133000002","35208.0"
"1022050904191","123050218121512707","POS","2023-05-02","2023-05-02","SK20081000000912","1","49000.00","0.00","49000.00","offline","Cash","offline","36852.0"
"1022050904191","123050218121512707","POS","2023-05-02","2023-05-02","SP00001110","1","5000.00","0.00","5000.00","offline","Cash","offline","0.0"
"1022041804184","123050218475848638","POS","2023-05-02","2023-05-02","SK21081900002528","1","47000.00","0.00","47000.00","online","BCAVA","UP100001230502184802000002","44683.0"
"1022041804184","123050218475848638","POS","2023-05-02","2023-05-02","SK22072300002827","1","13000.00","0.00","13000.00","online","BCAVA","UP100001230502184802000002","12480.0"
"1023021605185","123050218225589520","POS","2023-05-02","2023-05-02","SK22120100003047","2","30000.00","0.00","60000.00","offline","Cash","offline","17495.0"
"1021081602216","123050218254415724","Online","2023-05-02","2023-05-02","SK22092100002875","1","41000.00","10000.00","31000.00","online","BCAVA","UP100001230502182544000002","39407.0"
"1021081602216","123050218222615218","Online","2023-05-02","2023-05-02","IAF8028","1","224000.00","10000.00","214000.00","online","kredivo","UP100001230502182226000002","227611.0"
"1022041804184","123050218460250736","POS","2023-05-02","2023-05-02","SK21081900002525","1","55000.00","0.00","55000.00","online","BCAVA","UP100001230502184605000002","52800.0"
"1022052404198","123050218503050442","Online","2023-05-02","2023-05-02","SK22092100002872","1","33000.00","33000.00","0.00","online","BCAVA","UP100001230502185031000002","31763.0"
"1022052404198","123050218503050442","Online","2023-05-02","2023-05-02","SK22091400002865","2","207000.00","50000.00","364000.00","online","BCAVA","UP100001230502185031000002","173520.0"
"1022041804184","123050218411240029","POS","2023-05-02","2023-05-02","SK21081900002524","1","15000.00","0.00","15000.00","online","BCAVA","UP100001230502184121000002","14400.0"
"1022041804184","123050218411240029","POS","2023-05-02","2023-05-02","SK20081000000916","1","46000.00","0.00","46000.00","online","BCAVA","UP100001230502184121000002","34521.0"
"1022050904191","123050218141929608","POS","2023-05-02","2023-05-02","SK20081000000912","1","49000.00","0.00","49000.00","offline","Cash","offline","36852.0"
"1022050904191","123050218141929608","POS","2023-05-02","2023-05-02","SP00001110","1","5000.00","0.00","5000.00","offline","Cash","offline","0.0"
"1022121404891","123050219265920035","POS","2023-05-02","2023-05-02","SK20081000000912","6","49000.00","0.00","294000.00","offline","Cash","offline","36852.0"
"1022121404891","123050219301585941","POS","2023-05-02","2023-05-02","SK20081000000912","4","49000.00","0.00","196000.00","offline","Cash","offline","36852.0"
"1022050904191","123050219050287504","POS","2023-05-02","2023-05-02","SK20081000000912","1","49000.00","0.00","49000.00","offline","Cash","offline","36852.0"
"1022050904191","123050219050287504","POS","2023-05-02","2023-05-02","SP00001110","1","5000.00","0.00","5000.00","offline","Cash","offline","0.0"
"1022041804184","123050219532962255","POS","2023-05-02","2023-05-02","SK22092100002870","1","37000.00","10000.00","27000.00","online","BCAVA","UP100001230502195334000002","35208.0"
"1022050904191","123050219071295506","POS","2023-05-02","2023-05-02","SK20081000000912","1","49000.00","0.00","49000.00","offline","Cash","offline","36852.0"
"1022050904191","123050219071295506","POS","2023-05-02","2023-05-02","SP00001110","1","5000.00","0.00","5000.00","offline","Cash","offline","0.0"
"1022052404198","123050219155085414","Online","2023-05-02","2023-05-02","IAF8028","1","224000.00","0.00","224000.00","online","BCAVA","UP100001230502191551000004","227611.0"
"1022052404198","123050219155085414","Online","2023-05-02","2023-05-02","SK20072400000896","2","5000.00","0.00","10000.00","online","BCAVA","UP100001230502191551000004","2757.0"
"1022052404198","123050219155085414","Online","2023-05-02","2023-05-02","SK22061600002789","1","215000.00","0.00","215000.00","online","BCAVA","UP100001230502191551000004","178500.0"
"1022041804184","123050219552154158","POS","2023-05-02","2023-05-02","SK22092100002874","1","45000.00","10000.00","35000.00","online","BCAVA","UP100001230502195525000002","42853.0"
"1022052404198","123050219180545216","Online","2023-05-02","2023-05-02","SK20081000000914","1","66000.00","0.00","66000.00","online","BCAVA","UP100001230502191805000002","49506.0"
"1022052404198","123050219180545216","Online","2023-05-02","2023-05-02","SK20081000000911","1","45000.00","0.00","45000.00","online","BCAVA","UP100001230502191805000002","33855.0"
"1021081602216","123050219114830509","Online","2023-05-02","2023-05-02","SK22092100002875","1","41000.00","10000.00","31000.00","online","BCAVA","UP100001230502191148000002","39407.0"
"1022050904191","123050219580455561","Online","2023-05-02","2023-05-02","SK22092100002875","1","41000.00","10000.00","31000.00","online","dana","UP100001230502195805000002","39407.0"
"1022041804184","123050219565131959","POS","2023-05-02","2023-05-02","SK22092100002874","1","45000.00","10000.00","35000.00","online","BCAVA","UP100001230502195655000002","42853.0"
"1022121404891","123050219215343125","POS","2023-05-02","2023-05-02","SK20081000000914","2","66000.00","0.00","132000.00","offline","Cash","offline","49506.0"
"1021081602216","123050219192015018","Online","2023-05-02","2023-05-02","SK22092100002875","1","41000.00","10000.00","31000.00","online","BCAVA","UP100001230502191920000002","39407.0"
"1022050904191","123050219363193044","Online","2023-05-02","2023-05-02","SK22092100002875","1","41000.00","10000.00","31000.00","online","dana","UP100001230502193632000002","39407.0"
"1021081602216","123050219241657027","Online","2023-05-02","2023-05-02","SK22092100002870","1","37000.00","10000.00","27000.00","online","BCAVA","UP100001230502192417000002","35208.0"
"1022050904191","123050220055323404","Online","2023-05-02","2023-05-02","SK22092100002875","1","41000.00","10000.00","31000.00","online","dana","UP100001230502200553000002","39407.0"
"1022050904191","123050219215502226","Online","2023-05-02","2023-05-02","SK22092100002870","1","37000.00","10000.00","27000.00","online","dana","UP100001230502192155000004","35208.0"
"1022041804184","123050219513459752","POS","2023-05-02","2023-05-02","SK22092100002870","1","37000.00","10000.00","27000.00","online","BCAVA","UP100001230502195138000002","35208.0"
"1022121404891","123050219284271937","POS","2023-05-02","2023-05-02","SK20081000000912","5","49000.00","0.00","245000.00","offline","Cash","offline","36852.0"
"1021081602216","123050219214988824","Online","2023-05-02","2023-05-02","SK22092100002875","1","41000.00","10000.00","31000.00","online","BCAVA","UP100001230502192150000002","39407.0"
"1022121404891","123050219241989228","POS","2023-05-02","2023-05-02","SK22092100002873","3","48000.00","0.00","144000.00","offline","Cash","offline","45975.0"
"1021081602216","123050219154158713","Online","2023-05-02","2023-05-02","SK22092100002875","1","41000.00","10000.00","31000.00","online","BCAVA","UP100001230502191542000002","39407.0"
"1022050904191","123050219261355433","Online","2023-05-02","2023-05-02","SK22092100002870","1","37000.00","10000.00","27000.00","online","dana","UP100001230502192614000002","35208.0"
"1022050904191","123050220034058502","Online","2023-05-02","2023-05-02","SK22092100002875","1","41000.00","10000.00","31000.00","online","dana","UP100001230502200341000002","39407.0"
"1022052404198","123050219082996907","Online","2023-05-02","2023-05-02","SK22092100002870","1","37000.00","10000.00","27000.00","online","BCAVA","UP100001230502190830000002","35208.0"
"1022052404198","123050219082996907","Online","2023-05-02","2023-05-02","SK21061100002392","1","93000.00","0.00","93000.00","online","BCAVA","UP100001230502190830000002","69819.0"
"1022052404198","123050219082996907","Online","2023-05-02","2023-05-02","SK22072300002819","1","67000.00","0.00","67000.00","online","BCAVA","UP100001230502190830000002","64320.0"
"1022050904191","123050219183421917","Online","2023-05-02","2023-05-02","SK22092100002873","1","48000.00","10000.00","38000.00","online","dana","UP100001230502191834000004","45975.0"
"1021081602216","123050219263697234","Online","2023-05-02","2023-05-02","SK22092100002875","1","41000.00","10000.00","31000.00","online","BCAVA","UP100001230502192637000004","39407.0"
"1022031604109","123050220190598014","POS","2023-05-02","2023-05-02","SK20081000000913","1","16000.00","0.00","16000.00","online","dana","UP100001230502201908000002","12099.0"
"1022031604109","123050220190598014","POS","2023-05-02","2023-05-02","SK20120400001439","1","57000.00","0.00","57000.00","online","dana","UP100001230502201908000002","42846.0"
"1022031604109","123050220112424807","POS","2023-05-02","2023-05-02","SK22092100002875","1","41000.00","10000.00","31000.00","online","dana","UP100001230502201129000003","39407.0"
"1022052404198","123050220100499206","POS","2023-05-02","2023-05-02","SK22092100002872","1","33000.00","10000.00","23000.00","offline","Cash","offline","31763.0"
"1022031604109","123050220163985712","POS","2023-05-02","2023-05-02","SK22092100002871","1","55000.00","10000.00","45000.00","online","dana","UP100001230502201642000002","52758.0"
"1022031604109","123050220135480209","POS","2023-05-02","2023-05-02","SK22092100002875","1","41000.00","10000.00","31000.00","online","dana","UP100001230502201357000002","39407.0"
"1021101203638","123050220141664110","Online","2023-05-02","2023-05-02","IAF1013","1","294000.00","0.00","294000.00","online","BCAVA","UP100001230502201417000002","259068.0"
"1022110104650","123050220595664236","POS","2023-05-02","2023-05-02","SK22072100002818","1","16000.00","0.00","16000.00","offline","Cash","offline","12099.0"
"1022110104650","123050220565342732","POS","2023-05-02","2023-05-02","SK22092100002872","1","33000.00","0.00","33000.00","offline","Cash","offline","31763.0"
"1022110104650","123050220583229335","POS","2023-05-02","2023-05-02","SK22092100002872","1","33000.00","0.00","33000.00","offline","Cash","offline","31763.0"
"1021101203638","123050220231888617","Online","2023-05-02","2023-05-02","SK22092100002873","1","48000.00","10000.00","38000.00","online","BCAVA","UP100001230502202319000002","45975.0"
"1021101203638","123050220200504715","Online","2023-05-02","2023-05-02","SK22092100002873","1","48000.00","10000.00","38000.00","online","BCAVA","UP100001230502202005000002","45975.0"
"1021101203638","123050220200504715","Online","2023-05-02","2023-05-02","SK20072400000896","1","5000.00","0.00","5000.00","online","BCAVA","UP100001230502202005000002","2757.0"
"1022100504629","123050221215105026","Online","2023-05-02","2023-05-02","IAF8028","1","224000.00","0.00","224000.00","online","BCAVA","UP100001230502212151000002","227611.0"
"1022100504629","123050221215105026","Online","2023-05-02","2023-05-02","SK20072400000896","1","5000.00","0.00","5000.00","online","BCAVA","UP100001230502212151000002","2757.0"
"1022110104650","123050221184165621","POS","2023-05-02","2023-05-02","SK22092100002872","1","33000.00","0.00","33000.00","offline","Cash","offline","31763.0"
"1022110104650","123050221162363119","POS","2023-05-02","2023-05-02","SK22092100002872","1","33000.00","0.00","33000.00","offline","Cash","offline","31763.0"
"1022110104650","123050221071607008","POS","2023-05-02","2023-05-02","SK22092100002872","1","33000.00","0.00","33000.00","offline","Cash","offline","31763.0"
"1022110104650","123050221024879202","POS","2023-05-02","2023-05-02","SK22072300002821","1","33000.00","0.00","33000.00","offline","Cash","offline","31655.0"
"1022100504629","123050221261098530","POS","2023-05-02","2023-05-02","SK22072600002832","1","243000.00","0.00","243000.00","offline","Cash","offline","182250.0"
"1022110104650","123050221083438910","POS","2023-05-02","2023-05-02","SK22092100002872","1","33000.00","0.00","33000.00","offline","Cash","offline","31763.0"
"1022110104650","123050221050472105","POS","2023-05-02","2023-05-02","SK22092100002872","1","33000.00","0.00","33000.00","offline","Cash","offline","31763.0"
"1022110104650","123050221103535712","POS","2023-05-02","2023-05-02","SK22092100002872","1","33000.00","0.00","33000.00","offline","Cash","offline","31763.0"
"1022110104650","123050221193802723","POS","2023-05-02","2023-05-02","SK22092100002870","1","37000.00","0.00","37000.00","offline","Cash","offline","35208.0"
"1022031604109","123050221082276609","Online","2023-05-02","2023-05-02","SK22061800002814","1","30000.00","0.00","30000.00","online","BCAVA","UP100001230502210823000002","16650.0"
"1022110104650","123050221093688711","POS","2023-05-02","2023-05-02","SK22092100002872","1","33000.00","0.00","33000.00","offline","Cash","offline","31763.0"
"1022110104650","123050221142050517","POS","2023-05-02","2023-05-02","SK22092100002872","1","33000.00","0.00","33000.00","offline","Cash","offline","31763.0"
"1022110104650","123050221142050517","POS","2023-05-02","2023-05-02","SK22072100002818","1","16000.00","0.00","16000.00","offline","Cash","offline","12099.0"
"1022110104650","123050221115025914","POS","2023-05-02","2023-05-02","SK22072300002821","1","33000.00","0.00","33000.00","offline","Cash","offline","31655.0"
"1022110104650","123050221061944807","POS","2023-05-02","2023-05-02","SK22092100002872","1","33000.00","0.00","33000.00","offline","Cash","offline","31763.0"
"1022110104650","123050221015930901","POS","2023-05-02","2023-05-02","SK22072300002821","1","33000.00","0.00","33000.00","offline","Cash","offline","31655.0"
"1022110104650","123050221174829420","POS","2023-05-02","2023-05-02","SK22072300002821","1","33000.00","0.00","33000.00","offline","Cash","offline","31655.0"
